﻿<?xml version="1.0" encoding="utf-8"?>
<ImportExportXml version="9.2.24052.180" SolutionPackageVersion="9.2" languagecode="1033" generatedBy="CrmLive" xmlns:xsi="http://www.w3.org/2001/XMLSchema-instance">
  <SolutionManifest>
    <UniqueName>DataverseDialogBuilder</UniqueName>
    <LocalizedNames>
      <LocalizedName description="Dataverse Dialog Builder" languagecode="1033" />
    </LocalizedNames>
    <Descriptions>
      <Description description="A managed solution helps you build Microsoft Dataverse OOB dialogs, such as the Assign dialog and Close Opportunity dialog, ..." languagecode="1033" />
    </Descriptions>
    <Version>1.0.0.0</Version>
    <Managed>1</Managed>
    <Publisher>
      <UniqueName>phuocle</UniqueName>
      <LocalizedNames>
        <LocalizedName description="PhuocLe" languagecode="1033" />
      </LocalizedNames>
      <Descriptions>
        <Description description="o More than 15+ years support and develop Microsoft Dataverse from version 4 up to now.&#xA;o Experience working with Microsoft Dataverse like develop, code and debug from server side (Plugins, Custom Workflows, Custom Actions, Custom Apis) to client side (JavaScript, TypeScript, PCF), and experienced integrating with others system using SOAP and/or Web API. &#xA;o Experienced working with Dynamics 365 Apps: Portals, Field Service, Project Service Automation, Unified Service Desk, Omnichannel, and Customer Voice. &#xA;o For ERP related, experienced with integration between Microsoft Dataverse with Dynamics AX 2012, Dynamics 365 Operations, focusing on data integration of accounts related, invoice related, sales order related. &#xA;o Familiar and experienced with various business domains such as food and beverage, information technology, plastic, and eCommerce.&#xA;o I am the first individual publisher in Vietnam released a commercial Microsoft Dataverse add-on to AppSource: Icons and Tooltips with D365 - Allow you customize your Microsoft Dataverse grid/subgrid with your icons and tooltips without any helps from your developer. ( https://d365iconsandtooltips.com, https://appsource.microsoft.com/en-us/product/dynamics365/phuocle.d365-icons-and-tooltips )&#xA;o Github released DynamicsCrm.DevKit - a Visual Studio extension - that helps Microsoft Dataverse developer can easily develop. ( https://github.com/phuocle/Dynamics-Crm-DevKit )&#xA;o Github released View-FetchXML - a managed solution that helps Microsoft Dataverse developer easy copy/paste FetchXML code. ( https://github.com/phuocle/View-FetchXML )&#xA;o Github released Dataverse Dialog Builder - a managed solution Microsoft Dataverse developer easy build the dialog like OOB dialog. ( https://github.com/phuocle/DataverseDialogBuilder )&#xA;o When I have free time, I write Microsoft Dataverse articles on my personal blog. ( https://phuocle.net )" languagecode="1033" />
      </Descriptions>
      <EMailAddress>vanphuoc@outlook.com</EMailAddress>
      <SupportingWebsiteUrl>https://phuocle.net</SupportingWebsiteUrl>
      <CustomizationPrefix>pl</CustomizationPrefix>
      <CustomizationOptionValuePrefix>50000</CustomizationOptionValuePrefix>
      <Addresses>
        <Address>
          <AddressNumber>1</AddressNumber>
          <AddressTypeCode>1</AddressTypeCode>
          <City xsi:nil="true"></City>
          <County xsi:nil="true"></County>
          <Country xsi:nil="true"></Country>
          <Fax xsi:nil="true"></Fax>
          <FreightTermsCode xsi:nil="true"></FreightTermsCode>
          <ImportSequenceNumber xsi:nil="true"></ImportSequenceNumber>
          <Latitude xsi:nil="true"></Latitude>
          <Line1 xsi:nil="true"></Line1>
          <Line2 xsi:nil="true"></Line2>
          <Line3 xsi:nil="true"></Line3>
          <Longitude xsi:nil="true"></Longitude>
          <Name xsi:nil="true"></Name>
          <PostalCode xsi:nil="true"></PostalCode>
          <PostOfficeBox xsi:nil="true"></PostOfficeBox>
          <PrimaryContactName xsi:nil="true"></PrimaryContactName>
          <ShippingMethodCode>1</ShippingMethodCode>
          <StateOrProvince xsi:nil="true"></StateOrProvince>
          <Telephone1 xsi:nil="true"></Telephone1>
          <Telephone2 xsi:nil="true"></Telephone2>
          <Telephone3 xsi:nil="true"></Telephone3>
          <TimeZoneRuleVersionNumber xsi:nil="true"></TimeZoneRuleVersionNumber>
          <UPSZone xsi:nil="true"></UPSZone>
          <UTCOffset xsi:nil="true"></UTCOffset>
          <UTCConversionTimeZoneCode xsi:nil="true"></UTCConversionTimeZoneCode>
        </Address>
        <Address>
          <AddressNumber>2</AddressNumber>
          <AddressTypeCode>1</AddressTypeCode>
          <City xsi:nil="true"></City>
          <County xsi:nil="true"></County>
          <Country xsi:nil="true"></Country>
          <Fax xsi:nil="true"></Fax>
          <FreightTermsCode xsi:nil="true"></FreightTermsCode>
          <ImportSequenceNumber xsi:nil="true"></ImportSequenceNumber>
          <Latitude xsi:nil="true"></Latitude>
          <Line1 xsi:nil="true"></Line1>
          <Line2 xsi:nil="true"></Line2>
          <Line3 xsi:nil="true"></Line3>
          <Longitude xsi:nil="true"></Longitude>
          <Name xsi:nil="true"></Name>
          <PostalCode xsi:nil="true"></PostalCode>
          <PostOfficeBox xsi:nil="true"></PostOfficeBox>
          <PrimaryContactName xsi:nil="true"></PrimaryContactName>
          <ShippingMethodCode>1</ShippingMethodCode>
          <StateOrProvince xsi:nil="true"></StateOrProvince>
          <Telephone1 xsi:nil="true"></Telephone1>
          <Telephone2 xsi:nil="true"></Telephone2>
          <Telephone3 xsi:nil="true"></Telephone3>
          <TimeZoneRuleVersionNumber xsi:nil="true"></TimeZoneRuleVersionNumber>
          <UPSZone xsi:nil="true"></UPSZone>
          <UTCOffset xsi:nil="true"></UTCOffset>
          <UTCConversionTimeZoneCode xsi:nil="true"></UTCConversionTimeZoneCode>
        </Address>
      </Addresses>
    </Publisher>
    <RootComponents>
      <RootComponent type="29" id="{9ceccad0-7cfa-4dd8-9068-452d56ad2617}" behavior="0" />
      <RootComponent type="60" id="{1c89987d-7d19-ef11-840a-6045bd211fe9}" behavior="0" />
      <RootComponent type="60" id="{ac8bd21c-7e19-ef11-840a-6045bd211fe9}" behavior="0" />
      <RootComponent type="61" schemaName="pl_/css/DataverseDialogBuilder.css" behavior="0" />
      <RootComponent type="61" schemaName="pl_/css/grapes.min.css" behavior="0" />
      <RootComponent type="61" schemaName="pl_/html/DataverseDialogBuilder.html" behavior="0" />
      <RootComponent type="61" schemaName="pl_/html/WebResource.html" behavior="0" />
      <RootComponent type="61" schemaName="pl_/images/d365.png" behavior="0" />
      <RootComponent type="61" schemaName="pl_/images/DataverseDialogBuilder.svg" behavior="0" />
      <RootComponent type="61" schemaName="pl_/images/devkit.png" behavior="0" />
      <RootComponent type="61" schemaName="pl_/images/viewfetchxml.png" behavior="0" />
      <RootComponent type="61" schemaName="pl_/js/DataverseDialogBuilder.js" behavior="0" />
      <RootComponent type="61" schemaName="pl_/js/DataverseDialogBuilder2.js" behavior="0" />
      <RootComponent type="61" schemaName="pl_/js/grapes.min.js" behavior="0" />
      <RootComponent type="61" schemaName="pl_/js/moment-with-locales.min.js" behavior="0" />
      <RootComponent type="61" schemaName="pl_/json/RTEGlobalConfiguration.json" behavior="0" />
      <RootComponent type="62" schemaName="pl_DataverseDialogBuilder" behavior="0" />
      <RootComponent type="80" schemaName="pl_DataverseDialogBuilder" behavior="0" />
      <RootComponent type="9" schemaName="pl_globaloptionset" behavior="0" />
      <RootComponent type="91" id="{7acfad7b-d818-ef11-9f89-6045bd1d960c}" schemaName="DataverseDialogBuilder.CustomAction, Version=1.0.0.0, Culture=neutral, PublicKeyToken=daa49a5a7b62202a" behavior="0" />
      <RootComponent type="92" id="{b40bf081-d818-ef11-9f89-6045bd1d960c}" behavior="0" />
    </RootComponents>
    <MissingDependencies />
  </SolutionManifest>
</ImportExportXml>