﻿<?xml version="1.0" encoding="utf-8"?>
<ImportExportXml xmlns:xsi="http://www.w3.org/2001/XMLSchema-instance">
  <Entities />
  <Roles />
  <Workflows>
    <Workflow WorkflowId="{9ceccad0-7cfa-4dd8-9068-452d56ad2617}" Name="DataverseDialogBuilder">
      <XamlFileName>/Workflows/DataverseDialogBuilder-9CECCAD0-7CFA-4DD8-9068-452D56AD2617.xaml</XamlFileName>
      <Type>1</Type>
      <Subprocess>0</Subprocess>
      <Category>3</Category>
      <Mode>0</Mode>
      <Scope>4</Scope>
      <OnDemand>0</OnDemand>
      <TriggerOnCreate>0</TriggerOnCreate>
      <TriggerOnDelete>0</TriggerOnDelete>
      <AsyncAutodelete>0</AsyncAutodelete>
      <SyncWorkflowLogOnFailure>1</SyncWorkflowLogOnFailure>
      <StateCode>1</StateCode>
      <StatusCode>2</StatusCode>
      <CreateStage>40</CreateStage>
      <RunAs>1</RunAs>
      <SdkMessageId>{7f3e7a74-b118-ef11-9f89-6045bd1d960c}</SdkMessageId>
      <UniqueName>DataverseDialogBuilder</UniqueName>
      <IsTransacted>1</IsTransacted>
      <IntroducedVersion>1.0.0.0</IntroducedVersion>
      <IsCustomizable>1</IsCustomizable>
      <FormId>{00000000-0000-0000-0000-000000000000}</FormId>
      <IsCustomProcessingStepAllowedForOtherPublishers>1</IsCustomProcessingStepAllowedForOtherPublishers>
      <PrimaryEntity>none</PrimaryEntity>
      <LocalizedNames>
        <LocalizedName languagecode="1033" description="DataverseDialogBuilder" />
      </LocalizedNames>
    </Workflow>
  </Workflows>
  <FieldSecurityProfiles />
  <Templates />
  <EntityMaps />
  <EntityRelationships />
  <OrganizationSettings />
  <optionsets>
    <optionset Name="pl_globaloptionset" localizedName="Global Option Set">
      <OptionSetType>picklist</OptionSetType>
      <IsGlobal>1</IsGlobal>
      <IntroducedVersion>0.0.1.0</IntroducedVersion>
      <IsCustomizable>1</IsCustomizable>
      <ExternalTypeName></ExternalTypeName>
      <displaynames>
        <displayname description="Global Option Set" languagecode="1033" />
      </displaynames>
      <Descriptions>
        <Description description="" languagecode="1033" />
      </Descriptions>
      <options>
        <option value="100000000" ExternalValue="" Color="#0000ff">
          <labels>
            <label description="Item 0" languagecode="1033" />
          </labels>
          <Descriptions>
            <Description description="" languagecode="1033" />
          </Descriptions>
        </option>
        <option value="100000001" ExternalValue="" Color="#00ff00">
          <labels>
            <label description="Item 1" languagecode="1033" />
          </labels>
          <Descriptions>
            <Description description="" languagecode="1033" />
          </Descriptions>
        </option>
        <option value="100000002" ExternalValue="" Color="#FF00FF">
          <labels>
            <label description="Item 2" languagecode="1033" />
          </labels>
          <Descriptions>
            <Description description="" languagecode="1033" />
          </Descriptions>
        </option>
      </options>
    </optionset>
  </optionsets>
  <Dialogs>
    <Dialog>
      <LocalizedNames>
        <LocalizedName description="Open Dataverse Dialog Builder Dialog" languagecode="1033" />
      </LocalizedNames>
      <Descriptions>
        <Description description="A dialog show all unmanaged dialog forms created by Dataverse Dialog Builder." languagecode="1033" />
      </Descriptions>
      <FormId>{1c89987d-7d19-ef11-840a-6045bd211fe9}</FormId>
      <UniqueName>pl_dataversedialogbuilder_open</UniqueName>
      <IsCustomizable>1</IsCustomizable>
      <IntroducedVersion>1.0.0.0</IntroducedVersion>
      <IsTabletEnabled>0</IsTabletEnabled>
      <CanBeDeleted>1</CanBeDeleted>
      <FormXml>
        <forms type="dialog">
          <form>
            <formparameters>
              <querystringparameter name="pl_output" type="SafeString" />
            </formparameters>
            <events>
              <event name="onload" application="false" active="false">
                <Handlers>
                  <Handler functionName="DataverseDialogBuilder_Open.OnLoad" libraryName="$webresource:pl_/js/DataverseDialogBuilder2.js" handlerUniqueId="{C1926448-9F85-4E64-B7C6-2C7B03C50998}" enabled="true" parameters="" passExecutionContext="true" />
                </Handlers>
              </event>
              <event name="onclick" application="false" active="false" attribute="pl_button_ok">
                <Handlers>
                  <Handler functionName="DataverseDialogBuilder_Open.OnClickOk" libraryName="$webresource:pl_/js/DataverseDialogBuilder2.js" handlerUniqueId="{09F99376-4656-442D-9E60-CA4A9BBACB68}" enabled="true" parameters="" passExecutionContext="true" />
                </Handlers>
              </event>
              <event name="onclick" application="false" active="false" attribute="pl_button_cancel">
                <Handlers>
                  <Handler functionName="DataverseDialogBuilder_Open.OnClickCancel" libraryName="$webresource:pl_/js/DataverseDialogBuilder2.js" handlerUniqueId="{87F5AB0E-935C-4A8C-9234-F38D83BC2F54}" enabled="true" parameters="" passExecutionContext="true" />
                </Handlers>
              </event>
            </events>
            <header id="{2521B60C-3636-47AC-BCF1-88AC53ABB3BB}">
              <rows>
                <row>
                  <cell id="{B9FD3417-2CFE-4E3B-92E5-17BEC0D8447D}" visible="true" rowspan="1">
                    <labels>
                      <label description="Open Dataverse Dialog Builder Form" languagecode="1033" />
                    </labels>
                    <control uniqueid="{FB771B9D-5F43-4375-A979-E6CC127F9989}" id="pl_label_header" classid="{39354E4A-5015-4D74-8031-EA9EB73A1322}" isunbound="true">
                      <parameters>
                        <IsTitle>true</IsTitle>
                      </parameters>
                    </control>
                  </cell>
                </row>
              </rows>
            </header>
            <tabs>
              <tab id="{E414BE93-6805-41EA-BF83-C436529A1DB6}" name="tab_main" visible="true" expanded="true" verticallayout="true" locklevel="0">
                <labels>
                  <label description="" languagecode="1033" />
                </labels>
                <columns>
                  <column width="100%">
                    <sections>
                      <section id="{5D9E40ED-5790-4A3F-AC43-8A004A05BBA8}" name="section_main" labelwidth="115" showlabel="false" visible="true" celllabelalignment="Left" celllabelposition="Top">
                        <labels>
                          <label description="" languagecode="1033" />
                        </labels>
                        <rows>
                          <row>
                            <cell id="{DE30F04E-CCDC-474D-90F5-5BD6496451D0}" visible="true">
                              <labels>
                                <label description="Form Type" languagecode="1033" />
                              </labels>
                              <control uniqueid="{8A8A8918-2288-4ED9-9806-331DB23AD00A}" id="pl_form_type" classid="{3EF39988-22BB-4F0B-BBBE-64B5A3748AEE}" isrequired="true" disabled="false" isunbound="true">
                                <parameters>
                                  <OptionSetId>{00000000-0000-0000-0000-000000000000}</OptionSetId>
                                </parameters>
                              </control>
                            </cell>
                          </row>
                          <row>
                            <cell id="{E637DE54-1779-4142-9932-43845C3E9A9F}" visible="true">
                              <labels>
                                <label description="Dialog" languagecode="1033" />
                              </labels>
                              <control uniqueid="{895E2B94-6EAD-4FAA-8A2D-AC60F5FC91FD}" id="pl_system_form" classid="{270BD3DB-D9AF-4782-9025-509E298DEC0A}" isrequired="true" disabled="false" isunbound="true">
                                <parameters>
                                  <TargetEntities>
                                    <TargetEntity>
                                      <DefaultViewId>{2FF1BDD2-F1E1-4861-B45F-CC5470D4B211}</DefaultViewId>
                                      <EntityLogicalName>systemform</EntityLogicalName>
                                    </TargetEntity>
                                  </TargetEntities>
                                  <DisableViewPicker>true</DisableViewPicker>
                                  <DisableQuickFind>true</DisableQuickFind>
                                  <DisableMru>true</DisableMru>
                                  <AutoResolve>true</AutoResolve>
                                  <useMainFormDialogForCreate>false</useMainFormDialogForCreate>
                                  <useMainFormDialogForEdit>false</useMainFormDialogForEdit>
                                  <AvailableViewIds>{2FF1BDD2-F1E1-4861-B45F-CC5470D4B211}</AvailableViewIds>
                                </parameters>
                              </control>
                            </cell>
                          </row>
                          <row>
                            <cell id="{2F54F4CD-36AA-4AAE-BAA7-721B45BC9358}" visible="false" rowspan="1">
                              <labels>
                                <label description="You cannot save a managed form as unmanaged. However, you can update the metadata logical name to a different name and save it." languagecode="1033" />
                              </labels>
                              <control uniqueid="{ECA9EE4D-EC41-4C16-AD85-00B3A3BCE7EC}" id="pl_note" classid="{39354E4A-5015-4D74-8031-EA9EB73A1322}" isunbound="true">
                                <parameters>
                                  <IsTitle>false</IsTitle>
                                </parameters>
                              </control>
                            </cell>
                          </row>
                        </rows>
                      </section>
                    </sections>
                  </column>
                </columns>
              </tab>
            </tabs>
            <footer id="{85FA4A09-D0EB-49BE-8690-733D5E2B1AEF}">
              <rows>
                <row>
                  <cell id="{69823B27-FB2E-42D4-A4C1-CC0C33267761}" visible="true">
                    <labels>
                      <label description="Ok" languagecode="1033" />
                    </labels>
                    <control uniqueid="{C7E7FF52-43C0-44BF-A36C-E720E04CA987}" id="pl_button_ok" classid="{00AD73DA-BD4D-49C6-88A8-2F4F4CAD4A20}" disabled="false" isunbound="true" />
                  </cell>
                  <cell id="{EC1BD1BC-905C-49A9-A2F6-D9340A4E4FBF}" visible="true">
                    <labels>
                      <label description="Cancel" languagecode="1033" />
                    </labels>
                    <control uniqueid="{707B1E23-B37D-4D65-9C51-6CAF76B3AE23}" id="pl_button_cancel" classid="{00AD73DA-BD4D-49C6-88A8-2F4F4CAD4A20}" disabled="false" isunbound="true" />
                  </cell>
                </row>
              </rows>
            </footer>
          </form>
        </forms>
      </FormXml>
    </Dialog>
    <Dialog>
      <LocalizedNames>
        <LocalizedName description="Preview Dataverse Dialog Builder" languagecode="1033" />
      </LocalizedNames>
      <Descriptions>
        <Description description="You can enter width, height, and move to tab when show preview Dataverse Dialog Builder." languagecode="1033" />
      </Descriptions>
      <FormId>{ac8bd21c-7e19-ef11-840a-6045bd211fe9}</FormId>
      <UniqueName>pl_dataversedialogbuilder_preview</UniqueName>
      <IsCustomizable>1</IsCustomizable>
      <IntroducedVersion>1.0.0.0</IntroducedVersion>
      <IsTabletEnabled>0</IsTabletEnabled>
      <CanBeDeleted>1</CanBeDeleted>
      <FormXml>
        <forms type="dialog">
          <form>
            <events>
              <event name="onload" application="false" active="false">
                <Handlers>
                  <Handler functionName="DataverseDialogBuilder_Preview.OnLoad" libraryName="$webresource:pl_/js/DataverseDialogBuilder2.js" handlerUniqueId="{E804C93B-00CB-4A2F-97CF-7E8185E20D09}" enabled="true" parameters="" passExecutionContext="true" />
                </Handlers>
              </event>
              <event name="onclick" application="false" active="false" attribute="pl_button_ok">
                <Handlers>
                  <Handler functionName="DataverseDialogBuilder_Preview.OnClickOk" libraryName="$webresource:pl_/js/DataverseDialogBuilder2.js" handlerUniqueId="{F7029DFB-0A4B-43D7-922A-D76655E7A0DC}" enabled="true" parameters="" passExecutionContext="true" />
                </Handlers>
              </event>
              <event name="onclick" application="false" active="false" attribute="pl_button_cancel">
                <Handlers>
                  <Handler functionName="DataverseDialogBuilder_Preview.OnClickCancel" libraryName="$webresource:pl_/js/DataverseDialogBuilder2.js" handlerUniqueId="{8F83AD9A-0096-481E-BA3A-3CFE9BC40F72}" enabled="true" parameters="" passExecutionContext="true" />
                </Handlers>
              </event>
            </events>
            <header id="{6B3F262C-91C8-4AD7-875B-C400D8D28446}">
              <rows>
                <row>
                  <cell id="{74C6E726-5692-4A50-9C63-2B7108AB7CDB}" visible="true" rowspan="1">
                    <labels>
                      <label description="Preview Dataverse Dialog Builder" languagecode="1033" />
                    </labels>
                    <control uniqueid="{381D1144-3CAE-4A76-9682-900F34AB12F9}" id="pl_label_header" classid="{39354E4A-5015-4D74-8031-EA9EB73A1322}" isunbound="true">
                      <parameters>
                        <IsTitle>true</IsTitle>
                      </parameters>
                    </control>
                  </cell>
                </row>
              </rows>
            </header>
            <tabs>
              <tab id="{1D014DA6-D233-4C65-9802-C11BBC524BC4}" name="tab_main" visible="true" expanded="true" verticallayout="true" locklevel="0">
                <labels>
                  <label description="" languagecode="1033" />
                </labels>
                <columns>
                  <column width="100%">
                    <sections>
                      <section id="{6677BA8F-D7CB-406A-B56D-EFE50E8B1D58}" name="section_main" labelwidth="115" showlabel="false" visible="true" celllabelalignment="Left" celllabelposition="Left">
                        <labels>
                          <label description="" languagecode="1033" />
                        </labels>
                        <rows>
                          <row>
                            <cell id="{6E064552-7C3C-4044-8269-C723279F159D}" visible="true">
                              <labels>
                                <label description="Width" languagecode="1033" />
                              </labels>
                              <control uniqueid="{677C1535-0CA9-4B7A-8076-7ECF624F448D}" id="pl_width" classid="{C6D124CA-7EDA-4A60-AEA9-7FB8D318B68F}" isrequired="true" disabled="false" isunbound="true">
                                <parameters>
                                  <MinValue>0</MinValue>
                                  <MaxValue>2000</MaxValue>
                                </parameters>
                              </control>
                            </cell>
                          </row>
                          <row>
                            <cell id="{22037151-CA1B-4ABF-970C-8026A10F2906}" visible="true">
                              <labels>
                                <label description="Height" languagecode="1033" />
                              </labels>
                              <control uniqueid="{3C8764E0-B367-4A50-B980-ABE0E5974825}" id="pl_height" classid="{C6D124CA-7EDA-4A60-AEA9-7FB8D318B68F}" isrequired="true" disabled="false" isunbound="true">
                                <parameters>
                                  <MinValue>0</MinValue>
                                  <MaxValue>2000</MaxValue>
                                </parameters>
                              </control>
                            </cell>
                          </row>
                        </rows>
                      </section>
                    </sections>
                  </column>
                </columns>
              </tab>
            </tabs>
            <footer id="{8124313B-4BF2-4AAD-8220-DE43B52AB4C2}">
              <rows>
                <row>
                  <cell id="{03B375FF-BF4A-44F6-B5E1-4A4F72236157}" visible="true">
                    <labels>
                      <label description="Ok" languagecode="1033" />
                    </labels>
                    <control uniqueid="{7F18B0D1-1738-4C8F-B693-004F0387E9C4}" id="pl_button_ok" classid="{00AD73DA-BD4D-49C6-88A8-2F4F4CAD4A20}" disabled="false" isunbound="true" />
                  </cell>
                  <cell id="{C3FFDEDD-C049-4C0A-B6AF-72D6EBA5AA96}" visible="true">
                    <labels>
                      <label description="Cancel" languagecode="1033" />
                    </labels>
                    <control uniqueid="{34C69A8A-CA8B-4FE3-8B5D-92E14B8E77E9}" id="pl_button_cancel" classid="{00AD73DA-BD4D-49C6-88A8-2F4F4CAD4A20}" disabled="false" isunbound="true" />
                  </cell>
                </row>
              </rows>
            </footer>
          </form>
        </forms>
      </FormXml>
    </Dialog>
  </Dialogs>
  <WebResources>
    <WebResource>
      <WebResourceId>{9b145c67-b018-ef11-9f89-6045bd1d960c}</WebResourceId>
      <Name>pl_/css/DataverseDialogBuilder.css</Name>
      <DisplayName>pl_/css/DataverseDialogBuilder.css</DisplayName>
      <Description>1.0.0.0</Description>
      <WebResourceType>2</WebResourceType>
      <IntroducedVersion>1.0</IntroducedVersion>
      <IsEnabledForMobileClient>0</IsEnabledForMobileClient>
      <IsAvailableForMobileOffline>0</IsAvailableForMobileOffline>
      <IsCustomizable>1</IsCustomizable>
      <CanBeDeleted>1</CanBeDeleted>
      <IsHidden>0</IsHidden>
      <FileName>/WebResources/pl_cssDataverseDialogBuildercss9B145C67-B018-EF11-9F89-6045BD1D960C</FileName>
    </WebResource>
    <WebResource>
      <WebResourceId>{764aca85-aeed-ee11-a1fe-6045bd224a3c}</WebResourceId>
      <Name>pl_/css/grapes.min.css</Name>
      <DisplayName>pl_/css/grapes.min.css</DisplayName>
      <Description>1.0.0.0</Description>
      <WebResourceType>2</WebResourceType>
      <IntroducedVersion>1.0</IntroducedVersion>
      <IsEnabledForMobileClient>0</IsEnabledForMobileClient>
      <IsAvailableForMobileOffline>0</IsAvailableForMobileOffline>
      <IsCustomizable>1</IsCustomizable>
      <CanBeDeleted>1</CanBeDeleted>
      <IsHidden>0</IsHidden>
      <FileName>/WebResources/pl_cssgrapesmincss764ACA85-AEED-EE11-A1FE-6045BD224A3C</FileName>
    </WebResource>
    <WebResource>
      <WebResourceId>{7d4f4274-b018-ef11-9f89-6045bd1d960c}</WebResourceId>
      <Name>pl_/html/DataverseDialogBuilder.html</Name>
      <DisplayName>pl_/html/DataverseDialogBuilder.html</DisplayName>
      <Description>1.0.0.0</Description>
      <WebResourceType>1</WebResourceType>
      <IntroducedVersion>1.0</IntroducedVersion>
      <IsEnabledForMobileClient>0</IsEnabledForMobileClient>
      <IsAvailableForMobileOffline>0</IsAvailableForMobileOffline>
      <IsCustomizable>1</IsCustomizable>
      <CanBeDeleted>1</CanBeDeleted>
      <IsHidden>0</IsHidden>
      <FileName>/WebResources/pl_htmlDataverseDialogBuilderhtml7D4F4274-B018-EF11-9F89-6045BD1D960C</FileName>
    </WebResource>
    <WebResource>
      <WebResourceId>{375efbbb-6762-ea11-a812-000d3aa081a9}</WebResourceId>
      <Name>pl_/html/WebResource.html</Name>
      <DisplayName>pl_/html/WebResource.html</DisplayName>
      <Description>1.0.0.0</Description>
      <WebResourceType>1</WebResourceType>
      <IntroducedVersion>1.0</IntroducedVersion>
      <IsEnabledForMobileClient>0</IsEnabledForMobileClient>
      <IsAvailableForMobileOffline>0</IsAvailableForMobileOffline>
      <IsCustomizable>1</IsCustomizable>
      <CanBeDeleted>1</CanBeDeleted>
      <IsHidden>0</IsHidden>
      <FileName>/WebResources/pl_htmlWebResourcehtml375EFBBB-6762-EA11-A812-000D3AA081A9</FileName>
    </WebResource>
    <WebResource>
      <WebResourceId>{4a5612d5-9b11-ef11-9f89-002248596e08}</WebResourceId>
      <Name>pl_/images/d365.png</Name>
      <DisplayName>pl_/images/d365.png</DisplayName>
      <Description>1.0.0.0</Description>
      <WebResourceType>5</WebResourceType>
      <IntroducedVersion>1.0</IntroducedVersion>
      <IsEnabledForMobileClient>0</IsEnabledForMobileClient>
      <IsAvailableForMobileOffline>0</IsAvailableForMobileOffline>
      <IsCustomizable>1</IsCustomizable>
      <CanBeDeleted>1</CanBeDeleted>
      <IsHidden>0</IsHidden>
      <FileName>/WebResources/pl_imagesd365png4A5612D5-9B11-EF11-9F89-002248596E08</FileName>
    </WebResource>
    <WebResource>
      <WebResourceId>{3dfbbddf-b018-ef11-9f89-6045bd1d960c}</WebResourceId>
      <Name>pl_/images/DataverseDialogBuilder.svg</Name>
      <DisplayName>pl_/images/DataverseDialogBuilder.svg</DisplayName>
      <WebResourceType>11</WebResourceType>
      <IntroducedVersion>1.0</IntroducedVersion>
      <IsEnabledForMobileClient>0</IsEnabledForMobileClient>
      <IsAvailableForMobileOffline>0</IsAvailableForMobileOffline>
      <IsCustomizable>1</IsCustomizable>
      <CanBeDeleted>1</CanBeDeleted>
      <IsHidden>0</IsHidden>
      <FileName>/WebResources/pl_imagesDataverseDialogBuildersvg3DFBBDDF-B018-EF11-9F89-6045BD1D960C</FileName>
    </WebResource>
    <WebResource>
      <WebResourceId>{ecf178dd-9b11-ef11-9f89-002248596e08}</WebResourceId>
      <Name>pl_/images/devkit.png</Name>
      <DisplayName>pl_/images/devkit.png</DisplayName>
      <Description>1.0.0.0</Description>
      <WebResourceType>5</WebResourceType>
      <IntroducedVersion>1.0</IntroducedVersion>
      <IsEnabledForMobileClient>0</IsEnabledForMobileClient>
      <IsAvailableForMobileOffline>0</IsAvailableForMobileOffline>
      <IsCustomizable>1</IsCustomizable>
      <CanBeDeleted>1</CanBeDeleted>
      <IsHidden>0</IsHidden>
      <FileName>/WebResources/pl_imagesdevkitpngECF178DD-9B11-EF11-9F89-002248596E08</FileName>
    </WebResource>
    <WebResource>
      <WebResourceId>{eff178dd-9b11-ef11-9f89-002248596e08}</WebResourceId>
      <Name>pl_/images/viewfetchxml.png</Name>
      <DisplayName>pl_/images/viewfetchxml.png</DisplayName>
      <Description>1.0.0.0</Description>
      <WebResourceType>5</WebResourceType>
      <IntroducedVersion>1.0</IntroducedVersion>
      <IsEnabledForMobileClient>0</IsEnabledForMobileClient>
      <IsAvailableForMobileOffline>0</IsAvailableForMobileOffline>
      <IsCustomizable>1</IsCustomizable>
      <CanBeDeleted>1</CanBeDeleted>
      <IsHidden>0</IsHidden>
      <FileName>/WebResources/pl_imagesviewfetchxmlpngEFF178DD-9B11-EF11-9F89-002248596E08</FileName>
    </WebResource>
    <WebResource>
      <WebResourceId>{64e15f86-b018-ef11-9f89-6045bd1d960c}</WebResourceId>
      <Name>pl_/js/DataverseDialogBuilder.js</Name>
      <DisplayName>pl_/js/DataverseDialogBuilder.js</DisplayName>
      <Description>1.0.0.0</Description>
      <WebResourceType>3</WebResourceType>
      <IntroducedVersion>1.0</IntroducedVersion>
      <IsEnabledForMobileClient>0</IsEnabledForMobileClient>
      <IsAvailableForMobileOffline>0</IsAvailableForMobileOffline>
      <IsCustomizable>1</IsCustomizable>
      <CanBeDeleted>1</CanBeDeleted>
      <IsHidden>0</IsHidden>
      <FileName>/WebResources/pl_jsDataverseDialogBuilderjs64E15F86-B018-EF11-9F89-6045BD1D960C</FileName>
    </WebResource>
    <WebResource>
      <WebResourceId>{bf6afb16-ba18-ef11-9f89-6045bd1d960c}</WebResourceId>
      <Name>pl_/js/DataverseDialogBuilder2.js</Name>
      <DisplayName>pl_/js/DataverseDialogBuilder2.js</DisplayName>
      <Description>1.0.0.0</Description>
      <WebResourceType>3</WebResourceType>
      <IntroducedVersion>1.0</IntroducedVersion>
      <IsEnabledForMobileClient>0</IsEnabledForMobileClient>
      <IsAvailableForMobileOffline>0</IsAvailableForMobileOffline>
      <IsCustomizable>1</IsCustomizable>
      <CanBeDeleted>1</CanBeDeleted>
      <IsHidden>0</IsHidden>
      <FileName>/WebResources/pl_jsDataverseDialogBuilder2jsBF6AFB16-BA18-EF11-9F89-6045BD1D960C</FileName>
    </WebResource>
    <WebResource>
      <WebResourceId>{46973e8c-aeed-ee11-a1fe-6045bd224a3c}</WebResourceId>
      <Name>pl_/js/grapes.min.js</Name>
      <DisplayName>pl_/js/grapes.min.js</DisplayName>
      <Description>1.0.0.0</Description>
      <WebResourceType>3</WebResourceType>
      <IntroducedVersion>1.0</IntroducedVersion>
      <IsEnabledForMobileClient>0</IsEnabledForMobileClient>
      <IsAvailableForMobileOffline>0</IsAvailableForMobileOffline>
      <IsCustomizable>1</IsCustomizable>
      <CanBeDeleted>1</CanBeDeleted>
      <IsHidden>0</IsHidden>
      <FileName>/WebResources/pl_jsgrapesminjs46973E8C-AEED-EE11-A1FE-6045BD224A3C</FileName>
    </WebResource>
    <WebResource>
      <WebResourceId>{67dd6689-7803-ef11-9f89-6045bd224a3c}</WebResourceId>
      <Name>pl_/js/moment-with-locales.min.js</Name>
      <DisplayName>pl_/js/moment-with-locales.min.js</DisplayName>
      <WebResourceType>3</WebResourceType>
      <IntroducedVersion>1.0</IntroducedVersion>
      <IsEnabledForMobileClient>0</IsEnabledForMobileClient>
      <IsAvailableForMobileOffline>0</IsAvailableForMobileOffline>
      <IsCustomizable>1</IsCustomizable>
      <CanBeDeleted>1</CanBeDeleted>
      <IsHidden>0</IsHidden>
      <FileName>/WebResources/pl_jsmoment-with-localesminjs67DD6689-7803-EF11-9F89-6045BD224A3C</FileName>
    </WebResource>
    <WebResource>
      <WebResourceId>{84ba4bb9-e018-ef11-9f89-6045bd1d960c}</WebResourceId>
      <Name>pl_/json/RTEGlobalConfiguration.json</Name>
      <DisplayName>pl_/json/RTEGlobalConfiguration.json</DisplayName>
      <WebResourceType>3</WebResourceType>
      <IntroducedVersion>1.0</IntroducedVersion>
      <IsEnabledForMobileClient>0</IsEnabledForMobileClient>
      <IsAvailableForMobileOffline>0</IsAvailableForMobileOffline>
      <IsCustomizable>1</IsCustomizable>
      <CanBeDeleted>1</CanBeDeleted>
      <IsHidden>0</IsHidden>
      <FileName>/WebResources/pl_jsonRTEGlobalConfigurationjson84BA4BB9-E018-EF11-9F89-6045BD1D960C</FileName>
    </WebResource>
  </WebResources>
  <CustomControls />
  <SolutionPluginAssemblies>
    <PluginAssembly FullName="DataverseDialogBuilder.CustomAction, Version=1.0.0.0, Culture=neutral, PublicKeyToken=daa49a5a7b62202a" PluginAssemblyId="7acfad7b-d818-ef11-9f89-6045bd1d960c" CustomizationLevel="1">
      <IsolationMode>2</IsolationMode>
      <SourceType>0</SourceType>
      <IntroducedVersion>1.0.0.0</IntroducedVersion>
      <FileName>/PluginAssemblies/DataverseDialogBuilderCustomAction-7ACFAD7B-D818-EF11-9F89-6045BD1D960C/DataverseDialogBuilderCustomAction.dll</FileName>
      <PluginTypes>
        <PluginType AssemblyQualifiedName="DataverseDialogBuilder.CustomAction.PostDataverseDialogBuilderSynchronous, DataverseDialogBuilder.CustomAction, Version=1.0.0.0, Culture=neutral, PublicKeyToken=daa49a5a7b62202a" PluginTypeId="b30bf081-d818-ef11-9f89-6045bd1d960c" Name="DataverseDialogBuilder.CustomAction.PostDataverseDialogBuilderSynchronous">
          <Description>DynamicsCrm.DevKit v.3.33.33.33 - Build: 2023.12.31 23.59.59</Description>
          <FriendlyName>DataverseDialogBuilder.CustomAction.PostDataverseDialogBuilderSynchronous</FriendlyName>
        </PluginType>
      </PluginTypes>
    </PluginAssembly>
  </SolutionPluginAssemblies>
  <SdkMessageProcessingSteps>
    <SdkMessageProcessingStep Name="PostDataverseDialogBuilderSynchronous" SdkMessageProcessingStepId="{b40bf081-d818-ef11-9f89-6045bd1d960c}">
      <SdkMessageId>7f3e7a74-b118-ef11-9f89-6045bd1d960c</SdkMessageId>
      <PluginTypeName>DataverseDialogBuilder.CustomAction.PostDataverseDialogBuilderSynchronous, DataverseDialogBuilder.CustomAction, Version=1.0.0.0, Culture=neutral, PublicKeyToken=daa49a5a7b62202a</PluginTypeName>
      <PluginTypeId>b30bf081-d818-ef11-9f89-6045bd1d960c</PluginTypeId>
      <AsyncAutoDelete>0</AsyncAutoDelete>
      <FilteringAttributes></FilteringAttributes>
      <InvocationSource>0</InvocationSource>
      <Mode>0</Mode>
      <Rank>1</Rank>
      <EventHandlerTypeCode>4602</EventHandlerTypeCode>
      <Stage>40</Stage>
      <IsCustomizable>1</IsCustomizable>
      <IsHidden>0</IsHidden>
      <SupportedDeployment>0</SupportedDeployment>
      <IntroducedVersion>1.0.0.0</IntroducedVersion>
      <SdkMessageProcessingStepImages />
    </SdkMessageProcessingStep>
  </SdkMessageProcessingSteps>
  <AppModuleSiteMaps>
    <AppModuleSiteMap>
      <SiteMapUniqueName>pl_DataverseDialogBuilder</SiteMapUniqueName>
      <EnableCollapsibleGroups>False</EnableCollapsibleGroups>
      <ShowHome>False</ShowHome>
      <ShowPinned>False</ShowPinned>
      <ShowRecents>False</ShowRecents>
      <SiteMap IntroducedVersion="7.0.0.0">
        <Area Id="New_Area" ResourceId="SitemapDesigner.NewArea" DescriptionResourceId="SitemapDesigner.NewArea" ShowGroups="true" IntroducedVersion="7.0.0.0">
          <Group Id="New_Group" ResourceId="SitemapDesigner.NewGroup" DescriptionResourceId="SitemapDesigner.NewGroup" IntroducedVersion="7.0.0.0" IsProfile="false" ToolTipResourseId="SitemapDesigner.Unknown">
            <Titles>
              <Title LCID="1033" Title="DataverseDialogBuilder" />
            </Titles>
            <SubArea Id="DataverseDialogBuilder" ResourceId="SitemapDesigner.NewSubArea" VectorIcon="/WebResources/pl_/images/DataverseDialogBuilder.svg" Icon="/WebResources/pl_/images/DataverseDialogBuilder.svg" Url="$webresource:pl_/html/DataverseDialogBuilder.html" IntroducedVersion="7.0.0.0" Client="All,Outlook,OutlookLaptopClient,OutlookWorkstationClient,Web" AvailableOffline="false" PassParams="false" Sku="All,OnPremise,Live,SPLA">
              <Titles>
                <Title LCID="1033" Title="Dataverse Dialog Builder" />
              </Titles>
            </SubArea>
          </Group>
        </Area>
      </SiteMap>
      <LocalizedNames>
        <LocalizedName description="Dataverse Dialog Builder" languagecode="1033" />
      </LocalizedNames>
    </AppModuleSiteMap>
  </AppModuleSiteMaps>
  <AppModules>
    <AppModule>
      <UniqueName>pl_DataverseDialogBuilder</UniqueName>
      <IntroducedVersion>1.0.0.0</IntroducedVersion>
      <WebResourceId>3dfbbddf-b018-ef11-9f89-6045bd1d960c</WebResourceId>
      <OptimizedFor></OptimizedFor>
      <statecode>0</statecode>
      <statuscode>1</statuscode>
      <FormFactor>1</FormFactor>
      <ClientType>4</ClientType>
      <NavigationType>0</NavigationType>
      <AppModuleComponents>
        <AppModuleComponent type="62" schemaName="pl_DataverseDialogBuilder" />
      </AppModuleComponents>
      <AppModuleRoleMaps>
        <Role id="{627090ff-40a3-4053-8790-584edc5be201}" />
        <Role id="{119f245c-3cc8-4b62-b31c-d1a046ced15d}" />
      </AppModuleRoleMaps>
      <LocalizedNames>
        <LocalizedName description="Dataverse Dialog Builder" languagecode="1033" />
      </LocalizedNames>
      <Descriptions>
        <Description description="A managed solution helps you build Microsoft Dataverse OOB dialogs, such as the Assign dialog and Close Opportunity dialog, ..." languagecode="1033" />
      </Descriptions>
    </AppModule>
  </AppModules>
  <EntityDataProviders />
  <Languages>
    <Language>1033</Language>
  </Languages>
</ImportExportXml>