<ImportExportXml xmlns:xsi="http://www.w3.org/2001/XMLSchema-instance">
  <Entities></Entities>
  <Roles></Roles>
  <Workflows></Workflows>
  <FieldSecurityProfiles></FieldSecurityProfiles>
  <Templates />
  <EntityMaps />
  <EntityRelationships />
  <OrganizationSettings />
  <optionsets />
  <Dialogs>
    <Dialog>
      <LocalizedNames>
        <LocalizedName description="Another Assign dialog" languagecode="1033" />
      </LocalizedNames>
      <Descriptions>
        <Description description="Another Assign dialog" languagecode="1033" />
      </Descriptions>
      <FormId>{e3a261b4-aa27-ef11-840a-0022485a448f}</FormId>
      <UniqueName>pl_another_assign</UniqueName>
      <IsCustomizable>1</IsCustomizable>
      <IntroducedVersion>1.0.0.0</IntroducedVersion>
      <IsTabletEnabled>0</IsTabletEnabled>
      <CanBeDeleted>1</CanBeDeleted>
      <FormXml>
        <forms type="dialog">
          <form>
            <formparameters>
              <querystringparameter name="pl_input_count" type="Integer" />
              <querystringparameter name="pl_output_button_click" type="SafeString" />
            </formparameters>
            <events>
              <event name="onload" application="false" active="false">
                <Handlers>
                  <Handler functionName="AnotherAssign.OnLoad" libraryName="$webresource:pl_/js/AnotherAssign.js" handlerUniqueId="{8D1C6476-6AFB-4AE9-818E-B21AC15B8E94}" enabled="true" parameters="" passExecutionContext="true" />
                </Handlers>
              </event>
              <event name="onclick" application="false" active="false" attribute="pl_button_cancel_1">
                <Handlers>
                  <Handler functionName="AnotherAssign.OnClickCancel" libraryName="$webresource:pl_/js/AnotherAssign.js" handlerUniqueId="{43501783-9DDA-46B3-82A3-2DC060C4F6AA}" enabled="true" parameters="" passExecutionContext="true" />
                </Handlers>
              </event>
              <event name="onclick" application="false" active="false" attribute="pl_button_assign_to_me">
                <Handlers>
                  <Handler functionName="AnotherAssign.OnClickAssign" libraryName="$webresource:pl_/js/AnotherAssign.js" handlerUniqueId="{2006E35E-37F4-465B-8210-94BFBEAB12C3}" enabled="true" parameters="'OnClickAssignToMe'" passExecutionContext="true" />
                </Handlers>
              </event>
              <event name="onclick" application="false" active="false" attribute="pl_button_next">
                <Handlers>
                  <Handler functionName="AnotherAssign.MoveToTab" libraryName="$webresource:pl_/js/AnotherAssign.js" handlerUniqueId="{F9942D8C-FF1F-4B7E-98F8-35C15F8CF71D}" enabled="true" parameters="'tab_2'" passExecutionContext="true" />
                </Handlers>
              </event>
              <event name="onclick" application="false" active="false" attribute="pl_button_cancel_2">
                <Handlers>
                  <Handler functionName="AnotherAssign.OnClickCancel" libraryName="$webresource:pl_/js/AnotherAssign.js" handlerUniqueId="{D5823314-54E1-462D-8D54-7E89A609514E}" enabled="true" parameters="" passExecutionContext="true" />
                </Handlers>
              </event>
              <event name="onclick" application="false" active="false" attribute="pl_button_assign">
                <Handlers>
                  <Handler functionName="AnotherAssign.OnClickAssign" libraryName="$webresource:pl_/js/AnotherAssign.js" handlerUniqueId="{EA32FBD1-88BA-4BC5-AA35-06F90AB8D38A}" enabled="true" parameters="'OnClickAssign'" passExecutionContext="true" />
                </Handlers>
              </event>
              <event name="onclick" application="false" active="false" attribute="pl_button_back">
                <Handlers>
                  <Handler functionName="AnotherAssign.MoveToTab" libraryName="$webresource:pl_/js/AnotherAssign.js" handlerUniqueId="{C0D874A7-DD1F-4B55-A344-F56C06BAEA86}" enabled="true" parameters="'tab_1'" passExecutionContext="true" />
                </Handlers>
              </event>
            </events>
            <header id="{21D5ACD6-6715-4567-B783-B3C4A99DC70C}">
              <rows>
                <row>
                  <cell id="{9E95AC65-C121-49A8-9154-659036483FB8}" visible="true" rowspan="1">
                    <labels>
                      <label description="ANOTHER ASSIGN" languagecode="1033" />
                    </labels>
                    <control uniqueid="{0F8CECFC-6D92-49EA-B610-7CE31C8B7D03}" id="pl_label_header" classid="{39354E4A-5015-4D74-8031-EA9EB73A1322}" isunbound="true">
                      <parameters>
                        <IsTitle>true</IsTitle>
                      </parameters>
                    </control>
                  </cell>
                </row>
                <row>
                  <cell id="{6E8A617C-819B-4C60-9F50-7EDCCCD31ABB}" visible="true" rowspan="1">
                    <labels>
                      <label description="You have selected {0}. To whom would you like to assign them?" languagecode="1033" />
                    </labels>
                    <control uniqueid="{030C319C-CC62-4CFD-B919-7E0F1FB45B16}" id="pl_label_subheader" classid="{39354E4A-5015-4D74-8031-EA9EB73A1322}" isunbound="true">
                      <parameters>
                        <IsTitle>false</IsTitle>
                      </parameters>
                    </control>
                  </cell>
                </row>
              </rows>
            </header>
            <tabs>
              <tab id="{59C82601-E5C4-47F1-893D-A8A644893663}" name="tab_1" visible="true" expanded="true" verticallayout="true" locklevel="0">
                <labels>
                  <label description="" languagecode="1033" />
                </labels>
                <tabheader id="{A207CAE0-08C0-4E2C-8687-9A83D2797B1E}">
                  <rows>
                    <row>
                      <cell id="{12AC1314-D7DC-43AD-8815-DC123934A6A6}" visible="true" rowspan="1">
                        <labels>
                          <label description="What do you want to assign?" languagecode="1033" />
                        </labels>
                        <control uniqueid="{8B37E70B-9742-40B8-A130-26C66B5C06C1}" id="pl_label_tabheader_1" classid="{39354E4A-5015-4D74-8031-EA9EB73A1322}" isunbound="true">
                          <parameters>
                            <IsTitle>false</IsTitle>
                          </parameters>
                        </control>
                      </cell>
                    </row>
                  </rows>
                </tabheader>
                <columns>
                  <column width="100%">
                    <sections>
                      <section id="{A930A5AE-069D-403C-9DEE-DD0E748A1C60}" name="tab_1_section_1" labelwidth="115" showlabel="false" visible="true" celllabelalignment="Left" celllabelposition="Left">
                        <labels>
                          <label description="" languagecode="1033" />
                        </labels>
                        <rows>
                          <row>
                            <cell id="{8EBA23FA-21EA-42DC-8439-39C83586CE70}" visible="true">
                              <labels>
                                <label description="Assign to" languagecode="1033" />
                              </labels>
                              <control uniqueid="{AB68C0F2-CDC4-4D05-9795-105AFDF52EF3}" id="pl_optionset_assign_to" classid="{3EF39988-22BB-4F0B-BBBE-64B5A3748AEE}" isrequired="true" disabled="false" isunbound="true">
                                <parameters>
                                  <OptionSetId>{00000000-0000-0000-0000-000000000000}</OptionSetId>
                                </parameters>
                              </control>
                            </cell>
                          </row>
                        </rows>
                      </section>
                    </sections>
                  </column>
                </columns>
                <tabfooter id="{10A821A5-D5B8-4BBA-9DEE-F6B242D34D05}">
                  <rows>
                    <row>
                      <cell id="{FBF2CAA9-D476-4DC9-8A08-3306310DB279}" visible="false">
                        <labels>
                          <label description="Next" languagecode="1033" />
                        </labels>
                        <control uniqueid="{DB398F07-29F6-4987-B50B-40D8F9A4621C}" id="pl_button_next" classid="{00AD73DA-BD4D-49C6-88A8-2F4F4CAD4A20}" disabled="false" isunbound="true" />
                      </cell>
                      <cell id="{1F536635-C1AC-4D79-B355-83C872AFD7A3}" visible="true">
                        <labels>
                          <label description="Assign to Me" languagecode="1033" />
                        </labels>
                        <control uniqueid="{30453176-3DBE-441A-BEE6-00F355CB45D5}" id="pl_button_assign_to_me" classid="{00AD73DA-BD4D-49C6-88A8-2F4F4CAD4A20}" disabled="false" isunbound="true" />
                      </cell>
                      <cell id="{B167C0D5-56C5-466E-8643-24BAE35157BA}" visible="true">
                        <labels>
                          <label description="Cancel" languagecode="1033" />
                        </labels>
                        <control uniqueid="{121645D6-17BD-4B73-851A-4512637E6910}" id="pl_button_cancel_1" classid="{00AD73DA-BD4D-49C6-88A8-2F4F4CAD4A20}" disabled="false" isunbound="true" />
                      </cell>
                    </row>
                  </rows>
                </tabfooter>
              </tab>
              <tab id="{32956171-E242-4DD1-B49B-ADA1C2362E9B}" name="tab_2" visible="true" expanded="true" verticallayout="true" locklevel="0">
                <labels>
                  <label description="" languagecode="1033" />
                </labels>
                <tabheader id="{747BE98D-B8BB-43C8-A6F0-CF93640A910C}">
                  <rows>
                    <row>
                      <cell id="{1355B89F-A6B4-4214-9548-ED75592ABF20}" visible="true" rowspan="1">
                        <labels>
                          <label description="Select user or team you want to assign" languagecode="1033" />
                        </labels>
                        <control uniqueid="{863EEE7A-4A50-4A33-AB44-F43B2ADF079A}" id="pl_label_tabheader_2" classid="{39354E4A-5015-4D74-8031-EA9EB73A1322}" isunbound="true">
                          <parameters>
                            <IsTitle>false</IsTitle>
                          </parameters>
                        </control>
                      </cell>
                    </row>
                  </rows>
                </tabheader>
                <columns>
                  <column width="100%">
                    <sections>
                      <section id="{66F28C88-230B-4D76-A0AF-14295AFF3923}" name="tab_2_section_1" labelwidth="115" showlabel="false" visible="true" celllabelalignment="Left" celllabelposition="Left">
                        <labels>
                          <label description="" languagecode="1033" />
                        </labels>
                        <rows>
                          <row>
                            <cell id="{F1FA76A3-5B94-4C02-81AF-7CA556B421E4}" visible="true">
                              <labels>
                                <label description="User or Team" languagecode="1033" />
                              </labels>
                              <control uniqueid="{8C4D0116-73E7-4340-9025-7F0C0A4065F7}" id="pl_lookup_user_team" classid="{270BD3DB-D9AF-4782-9025-509E298DEC0A}" isrequired="true" disabled="false" isunbound="true">
                                <parameters>
                                  <TargetEntities>
                                    <TargetEntity>
                                      <DefaultViewId>{E88CA999-0B16-4AE9-B6A9-9EDC840D42D8}</DefaultViewId>
                                      <EntityLogicalName>systemuser</EntityLogicalName>
                                    </TargetEntity>
                                    <TargetEntity>
                                      <DefaultViewId>{57E39843-404C-48E5-B1D9-1889098FB65C}</DefaultViewId>
                                      <EntityLogicalName>team</EntityLogicalName>
                                    </TargetEntity>
                                  </TargetEntities>
                                  <DisableViewPicker>false</DisableViewPicker>
                                  <DisableQuickFind>true</DisableQuickFind>
                                  <DisableMru>true</DisableMru>
                                  <AutoResolve>true</AutoResolve>
                                  <useMainFormDialogForCreate>false</useMainFormDialogForCreate>
                                  <useMainFormDialogForEdit>false</useMainFormDialogForEdit>
                                  <AvailableViewIds>{E88CA999-0B16-4AE9-B6A9-9EDC840D42D8}</AvailableViewIds>
                                </parameters>
                              </control>
                            </cell>
                          </row>
                        </rows>
                      </section>
                    </sections>
                  </column>
                </columns>
                <tabfooter id="{5FBF3127-B23C-4CDB-9DF0-4992B73D6B86}">
                  <rows>
                    <row>
                      <cell id="{DE17BFF1-43EC-4A1D-831A-F99D2F8F5656}" visible="true">
                        <labels>
                          <label description="Back" languagecode="1033" />
                        </labels>
                        <control uniqueid="{1486883F-3785-42AC-A2F6-A1A071F28CDC}" id="pl_button_back" classid="{00AD73DA-BD4D-49C6-88A8-2F4F4CAD4A20}" disabled="false" isunbound="true" />
                      </cell>
                      <cell id="{3C5B7457-DB9C-41D1-91CE-BA4C482A50D7}" visible="true">
                        <labels>
                          <label description="Assign" languagecode="1033" />
                        </labels>
                        <control uniqueid="{9671B42B-F56F-4EC3-8EAF-F32EA271DE2C}" id="pl_button_assign" classid="{00AD73DA-BD4D-49C6-88A8-2F4F4CAD4A20}" disabled="false" isunbound="true" />
                      </cell>
                      <cell id="{D83A1C34-DACD-4960-9A5E-2DDF8A14A70B}" visible="true">
                        <labels>
                          <label description="Cancel" languagecode="1033" />
                        </labels>
                        <control uniqueid="{F962AB3F-FE87-4A0A-AF0D-5882BB7EB8CB}" id="pl_button_cancel_2" classid="{00AD73DA-BD4D-49C6-88A8-2F4F4CAD4A20}" disabled="false" isunbound="true" />
                      </cell>
                    </row>
                  </rows>
                </tabfooter>
              </tab>
            </tabs>
          </form>
        </forms>
      </FormXml>
    </Dialog>
    <Dialog>
      <LocalizedNames>
        <LocalizedName description="Find User Id by User Name" languagecode="1033" />
      </LocalizedNames>
      <Descriptions>
        <Description description="Find User Id by User Name" languagecode="1033" />
      </Descriptions>
      <FormId>{6ddd87bc-7f24-ef11-840b-00224856e701}</FormId>
      <UniqueName>pl_find_user_id</UniqueName>
      <IsCustomizable>1</IsCustomizable>
      <IntroducedVersion>1.0.0.0</IntroducedVersion>
      <IsTabletEnabled>0</IsTabletEnabled>
      <CanBeDeleted>1</CanBeDeleted>
      <FormXml>
        <forms type="dialog">
          <form>
            <formparameters>
              <querystringparameter name="pl_input_user_name" type="SafeString" />
              <querystringparameter name="pl_output_user_id" type="SafeString" />
            </formparameters>
            <events>
              <event name="onload" application="false" active="false">
                <Handlers>
                  <Handler functionName="FindUserId.OnLoad" libraryName="$webresource:pl_/js/FindUserId.js" handlerUniqueId="{53672652-1D07-40D2-B24C-74D5AA11933D}" enabled="true" parameters="" passExecutionContext="true" />
                </Handlers>
              </event>
              <event name="onclick" application="false" active="false" attribute="pl_button_ok">
                <Handlers>
                  <Handler functionName="FindUserId.OnClickFind" libraryName="$webresource:pl_/js/FindUserId.js" handlerUniqueId="{BB7553DF-321A-4FBD-BC92-5FE75199AE5C}" enabled="true" parameters="" passExecutionContext="true" />
                </Handlers>
              </event>
              <event name="onclick" application="false" active="false" attribute="pl_button_cancel">
                <Handlers>
                  <Handler functionName="FindUserId.OnClickClose" libraryName="$webresource:pl_/js/FindUserId.js" handlerUniqueId="{8C859290-0D77-44F6-8EC8-53ED82CF0522}" enabled="true" parameters="" passExecutionContext="true" />
                </Handlers>
              </event>
            </events>
            <header id="{6FD1D0A2-706F-40D4-A1FF-EDEB69E421F2}">
              <rows>
                <row>
                  <cell id="{6348342B-F5DC-4703-813B-791BEFDB1F6E}" visible="true" rowspan="1">
                    <labels>
                      <label description="FIND USER ID" languagecode="1033" />
                    </labels>
                    <control uniqueid="{5E9AF298-F9F3-41ED-B38D-3C184F107F6C}" id="pl_label_header" classid="{39354E4A-5015-4D74-8031-EA9EB73A1322}" isunbound="true">
                      <parameters>
                        <IsTitle>true</IsTitle>
                      </parameters>
                    </control>
                  </cell>
                </row>
                <row>
                  <cell id="{55229F65-C498-4499-A4F8-67CF73138728}" visible="true" rowspan="1">
                    <labels>
                      <label description="Provide your User Name and we find your User Id (GUID)" languagecode="1033" />
                    </labels>
                    <control uniqueid="{B5748F52-689C-4937-A1A8-6E1709C7C462}" id="pl_label_subheader" classid="{39354E4A-5015-4D74-8031-EA9EB73A1322}" isunbound="true">
                      <parameters>
                        <IsTitle>false</IsTitle>
                      </parameters>
                    </control>
                  </cell>
                </row>
              </rows>
            </header>
            <tabs>
              <tab id="{E9293BA9-78DB-46CA-A7F4-9C609A806C5E}" name="tab_main" visible="true" expanded="true" verticallayout="true" locklevel="0">
                <labels>
                  <label description="" languagecode="1033" />
                </labels>
                <columns>
                  <column width="100%">
                    <sections>
                      <section id="{AFA8D1FC-44AC-4524-9175-F5873B705FE9}" name="section_main" labelwidth="300" showlabel="false" visible="true" celllabelalignment="Left" celllabelposition="Left">
                        <labels>
                          <label description="" languagecode="1033" />
                        </labels>
                        <rows>
                          <row>
                            <cell id="{0AC6A9D4-E082-4B74-A589-860904A7350D}" visible="true">
                              <labels>
                                <label description="User Name" languagecode="1033" />
                              </labels>
                              <control uniqueid="{3D078A01-EBB8-4453-A932-40D3562751E1}" id="pl_textbox_user_name" classid="{4273EDBD-AC1D-40D3-9FB2-095C621B552D}" isrequired="true" disabled="false" isunbound="true">
                                <parameters>
                                  <MaxLength>200</MaxLength>
                                  <Format>SingleLineOfText</Format>
                                </parameters>
                              </control>
                            </cell>
                          </row>
                          <row>
                            <cell id="{E18E138F-12A2-414E-A499-FFFCE75B99BE}" visible="true">
                              <labels>
                                <label description="User Id" languagecode="1033" />
                              </labels>
                              <control uniqueid="{9AF1F4C4-B4CB-4D2F-861C-46D2D7657A8C}" id="pl_textbox_user_id" classid="{4273EDBD-AC1D-40D3-9FB2-095C621B552D}" isrequired="false" disabled="true" isunbound="true">
                                <parameters>
                                  <MaxLength>36</MaxLength>
                                  <Format>SingleLineOfText</Format>
                                </parameters>
                              </control>
                            </cell>
                          </row>
                        </rows>
                      </section>
                    </sections>
                  </column>
                </columns>
              </tab>
            </tabs>
            <footer id="{7F551F50-4351-494A-AD84-AA8DCBFDE97B}">
              <rows>
                <row>
                  <cell id="{2739177D-0ACC-478A-8C70-3EF6CAF87F12}" visible="true">
                    <labels>
                      <label description="Find" languagecode="1033" />
                    </labels>
                    <control uniqueid="{8F966C8C-1DC7-4E94-9FBB-6901EE0427C8}" id="pl_button_ok" classid="{00AD73DA-BD4D-49C6-88A8-2F4F4CAD4A20}" disabled="false" isunbound="true" />
                  </cell>
                  <cell id="{60AB8D36-3C48-4840-81A4-58E6260A2379}" visible="true">
                    <labels>
                      <label description="Close" languagecode="1033" />
                    </labels>
                    <control uniqueid="{B6E3DA04-03D2-4642-8756-5DFBAC3E4C2B}" id="pl_button_cancel" classid="{00AD73DA-BD4D-49C6-88A8-2F4F4CAD4A20}" disabled="false" isunbound="true" />
                  </cell>
                </row>
              </rows>
            </footer>
          </form>
        </forms>
      </FormXml>
    </Dialog>
  </Dialogs>
  <WebResources>
    <WebResource>
      <WebResourceId>{8d23e840-7524-ef11-840b-00224856e701}</WebResourceId>
      <Name>pl_/js/FindUserId.js</Name>
      <DisplayName>pl_/js/FindUserId.js</DisplayName>
      <Description>1.0.0.0</Description>
      <WebResourceType>3</WebResourceType>
      <IntroducedVersion>1.0</IntroducedVersion>
      <IsEnabledForMobileClient>0</IsEnabledForMobileClient>
      <IsAvailableForMobileOffline>0</IsAvailableForMobileOffline>
      <IsCustomizable>1</IsCustomizable>
      <CanBeDeleted>1</CanBeDeleted>
      <IsHidden>0</IsHidden>
      <FileName>/WebResources/pl_jsFindUserIdjs8D23E840-7524-EF11-840B-00224856E701</FileName>
    </WebResource>
    <WebResource>
      <WebResourceId>{0a7b28fd-a727-ef11-840a-0022485a448f}</WebResourceId>
      <Name>pl_/js/AnotherAssign.js</Name>
      <DisplayName>pl_/js/AnotherAssign.js</DisplayName>
      <WebResourceType>3</WebResourceType>
      <IntroducedVersion>1.0</IntroducedVersion>
      <IsEnabledForMobileClient>0</IsEnabledForMobileClient>
      <IsAvailableForMobileOffline>0</IsAvailableForMobileOffline>
      <IsCustomizable>1</IsCustomizable>
      <CanBeDeleted>1</CanBeDeleted>
      <IsHidden>0</IsHidden>
      <FileName>/WebResources/pl_jsAnotherAssignjs0A7B28FD-A727-EF11-840A-0022485A448F</FileName>
    </WebResource>
    <WebResource>
      <WebResourceId>{77487bab-aded-ee11-a1fe-6045bd224a3c}</WebResourceId>
      <Name>pl_/lib/devkit.js</Name>
      <DisplayName>pl_/lib/devkit.js</DisplayName>
      <Description>1.0.0.0</Description>
      <WebResourceType>3</WebResourceType>
      <IntroducedVersion>1.0</IntroducedVersion>
      <IsEnabledForMobileClient>0</IsEnabledForMobileClient>
      <IsAvailableForMobileOffline>0</IsAvailableForMobileOffline>
      <IsCustomizable>1</IsCustomizable>
      <CanBeDeleted>1</CanBeDeleted>
      <IsHidden>0</IsHidden>
      <FileName>/WebResources/pl_libdevkitjs77487BAB-ADED-EE11-A1FE-6045BD224A3C</FileName>
    </WebResource>
  </WebResources>
  <CustomControls />
  <EntityDataProviders />
  <Languages>
    <Language>1033</Language>
    <Language>1066</Language>
  </Languages>
</ImportExportXml>